"Reference","Value","Footprint","Product Link","Purchase Link","Part Number","Description"
"C1,C12","4.7u","Capacitor_SMD:C_0805_2012Metric_Pad1.18x1.45mm_HandSolder","","https://in.element14.com/murata/grm21br71c475ke51k/cap-4-7uf-16v-mlcc-0805/dp/3790443","GRM21BR71C475KE51K","Unpolarized capacitor, small symbol"
"C2,C11,C13","0.1u","Capacitor_SMD:C_0603_1608Metric_Pad1.08x0.95mm_HandSolder","","https://in.element14.com/yageo/cc0603kpx7r7bb104/cap-0-1uf-16v-mlcc-0603/dp/3764501","CC0603KPX7R7BB104","Unpolarized capacitor, small symbol"
"C3","1u","Capacitor_SMD:C_0805_2012Metric_Pad1.18x1.45mm_HandSolder","","https://in.element14.com/samsung-electro-mechanics/cl21b105kofnnnf/cap-mlcc-1uf-x7r-16v-0805/dp/4748630","CL21B105KOFNNNF","Unpolarized capacitor, small symbol"
"C4,C5,C9,C10","0.47u","Capacitor_SMD:C_0603_1608Metric_Pad1.08x0.95mm_HandSolder","","https://in.element14.com/samsung-electro-mechanics/cl10b474ko8nnnc/cap-0-47uf-16v-mlcc-0603/dp/3013435","CL10B474KO8NNNC","Unpolarized capacitor, small symbol"
"C6","10u","Capacitor_SMD:C_0805_2012Metric_Pad1.18x1.45mm_HandSolder","","https://in.element14.com/samsung-electro-mechanics/cl21a106koqnnnf/cap-mlcc-10uf-x5r-16v-0805/dp/4539078","CL21A106KOQNNNF","Unpolarized capacitor, small symbol"
"C7,C8","18p","Capacitor_SMD:C_0603_1608Metric_Pad1.08x0.95mm_HandSolder","","https://in.element14.com/yageo/cc0603grnpo9bn180/cap-18pf-50v-mlcc-0603/dp/3764440","CC0603GRNPO9BN180","Unpolarized capacitor, small symbol"
"D1","USBLC6-2SC6","Package_TO_SOT_SMD:SOT-23-6","","https://jlcpcb.com/partdetail/STMicroelectronics-USBLC62P6/C15999","USBLC6-2P6","Very low capacitance ESD protection diode, 2 data-line, SOT-23-6"
"D2,D3","TX LED","LED_SMD:LED_0603_1608Metric_Pad1.05x0.95mm_HandSolder","","https://jlcpcb.com/partdetail/EverlightElec-19_217_BHC_ZL1M2RY6T/C2986058","19-217/BHC-ZL1M2RY/6T","Light emitting diode"
"D4","CANESD","Package_TO_SOT_SMD:SOT-323_SC-70","","https://in.element14.com/littelfuse/sp0502bahtg/diode-tvs-aval-2-ch-sot23/dp/1827631","SP0502BAHTG","TVS Diode Array, 5.5V Standoff, 2 Channels, SC-70 package"
"J1","USB4105","Connector_USB:USB_C_Receptacle_GCT_USB4105-xx-A_16P_TopMnt_Horizontal","","https://in.element14.com/gct-global-connector-technology/usb4105-gf-a-120/usb-conn-2-0-type-c-r-a-rcpt-16pos/dp/3777660","USB4105-GF-A-120","USB 2.0-only 16P Type-C Receptacle connector"
"J2","CAN Terminal","TerminalBlock_Phoenix:TerminalBlock_Phoenix_PT-1,5-3-3.5-H_1x03_P3.50mm_Horizontal","","https://jlcpcb.com/partdetail/AmphenolICC-YO0301500000G/C2683167","YO0301500000G","Generic screw terminal, single row, 01x03, script generated (kicad-library-utils/schlib/autogen/connector/)"
"J3","Conn_01x05_Pin","Connector_PinHeader_2.54mm:PinHeader_1x05_P2.54mm_Vertical","","","","Generic connector, single row, 01x05, script generated"
"JP1","3V3_LDO_TTL_Jumper","Jumper:SolderJumper-3_P1.3mm_Open_RoundedPad1.0x1.5mm_NumberLabels","","","","Solder Jumper, 3-pole, open"
"L1","ACT1210","ACT1210D:ACT1210D-101-2P-TL00","","https://in.element14.com/tdk/act1210d-101-2p-tl00/common-mode-choke-100uh-115a/dp/4125606","ACT1210D-101-2P-TL00","Common Mode Choke, ACT Series, 100 µH, 115 A, 3.2 mm x 2.5 mm x 2.5 mm"
"R1,R2,R8,R10","5.1K","Resistor_SMD:R_0603_1608Metric_Pad0.98x0.95mm_HandSolder","","https://robu.in/product/rc0603fr-135k1l-yageo-0-1w-thick-film-resistors-%C2%B1100ppm-%E2%84%83-%C2%B11-5-1k%CF%89-0603-chip-resistor-surface-mount-rohs/","RC0603FR-135K1L","SMD Chip Resistor, 5.1 kohm, ± 1%, 100 mW, 0603 [1608 Metric], Thick Film, General Purpose"
"R3","22.1K","Resistor_SMD:R_0603_1608Metric_Pad0.98x0.95mm_HandSolder","","https://in.element14.com/yageo/rc0603fr-0722k1l/res-22k1-1-0-1w-0603-thick-film/dp/3495773RL","RC0603FR-0722K1L","SMD Chip Resistor, 5.1 kohm, ± 1%, 100 mW, 0603 [1608 Metric], Thick Film, General Purpose"
"R4","47.5K","Resistor_SMD:R_0603_1608Metric_Pad0.98x0.95mm_HandSolder","","https://in.element14.com/yageo/rc0603fr-0747k5l/res-47k5-1-0-1w-0603-thick-film/dp/3495852","RC0603FR-0747K5L","SMD Chip Resistor, 5.1 kohm, ± 1%, 100 mW, 0603 [1608 Metric], Thick Film, General Purpose"
"R5,R6","1K","Resistor_SMD:R_0603_1608Metric_Pad0.98x0.95mm_HandSolder","","https://in.element14.com/yageo/rc0603fr-0722k1l/res-22k1-1-0-1w-0603-thick-film/dp/3495773RL","RC0603FR-0722K1L","SMD Chip Resistor, 5.1 kohm, ± 1%, 100 mW, 0603 [1608 Metric], Thick Film, General Purpose"
"R7","100K","Resistor_SMD:R_0603_1608Metric_Pad0.98x0.95mm_HandSolder","","https://in.element14.com/panasonic/era3aeb104v/res-100k-0-1-0-1w-0603-metal-film/dp/1577632","ERA3AEB104V","RES, 100K, 0.1%, 0.1W, 0603, METAL FILM"
"R9,R13","0R","Resistor_SMD:R_0603_1608Metric_Pad0.98x0.95mm_HandSolder","","https://in.element14.com/yageo/ac0603jr-130rl/res-jumper-1a-thick-film-0603/dp/3951994","AC0603JR-130RL","SMD Chip Resistor, 5.1 kohm, ± 1%, 100 mW, 0603 [1608 Metric], Thick Film, General Purpose"
"R11,R12,R14","120R","Resistor_SMD:R_0603_1608Metric_Pad0.98x0.95mm_HandSolder","","https://in.element14.com/yageo/rc0603fr-13120rl/res-120r-1-0-1w-thick-film-0603/dp/4013297","RC0603FR-13120RL","SMD Chip Resistor, 5.1 kohm, ± 1%, 100 mW, 0603 [1608 Metric], Thick Film, General Purpose"
"SW1","SPST","Button_Switch_SMD:SW_DIP_SPSTx01_Slide_Copal_CHS-01A_W5.08mm_P1.27mm_JPin","","","CHS-01A","1x DIP Switch, Single Pole Single Throw (SPST) switch, small symbol"
"U1","MSMP0G3507","VSSOP28_DGS_TEX","","https://www.ti.com/product/MSPM0G3507/part-details/MSPM0G3507SDGS28R","MSPM0G3507SDGS28R","80MHz Arm® Cortex®-M0+ MCU with 128KB flash 32KB SRAM 2x4Msps ADC, DAC, 3xCOMP, 2xOPA, CAN-FD, MATHA"
"U2","TLV78533PDBVR","Package_TO_SOT_SMD:SOT-23-5_HandSoldering","https://www.ti.com/product/TLV785/part-details/TLV78533PDBVR","","TLV78533PDBVR","500mA high-PSRR low-Iq low-dropout regulator with enable"
"U3","CP2102N","Package_DFN_QFN:QFN-24-1EP_4x4mm_P0.5mm_EP2.6x2.6mm_ThermalVias","","https://in.element14.com/silicon-labs/cp2102n-a02-gqfn24r/usb-uart-bridge-40-to-85deg-c/dp/3387002","CP2102N-A02-GQFN24R","USB to UART master bridge, QFN-24"
"U4","TCAN3413DR","SOIC8_D_TEX","","https://www.ti.com/product/TCAN3413/part-details/TCAN3413DR","TCAN3413DR","3.3-V CAN FD transceiver with flexible IO and standby mode"
"Y1","8Mhz","Crystal:Crystal_SMD_Abracon_ABM3-2Pin_5.0x3.2mm","","https://in.element14.com/abracon/abm3-8-000mhz-d2y-t/crystal-8mhz-18pf-smd/dp/2101329","ABM3-8.000MHZ-D2Y-T","CRYSTAL, 8MHZ, 18PF, SMD"
